id_cand,regionid,candidato(a)
1,1,CAMILA ARCE FAJARDO
2,1,GERMAN ANTONIO QUIROZ CANCINO
3,1,JORGE ZAVALA VALENZUELA
4,1,PATRICIO FERREIRA RIVERA
5,1,PAULA ANDREA ASTUDILLO DIAZ
6,1,RENE DANIEL CACERES ARAYA
7,1,ALEX DEMETRIO CARLOS SANCHEZ
8,1,EVELYN MAMANI VIZA
9,1,MARINA DEL CARMEN LUNA PLATERO
10,1,ANDRES GARCIA FLORES
11,1,JAVIER IGNACIO GARCIA CHOQUE
12,1,CARLOS ENRIQUE SILVA RIQUELME
13,1,JOSE BARTOLO VINAYA
14,1,OSCAR PANTOJA TORO
15,1,PAMELA ISABEL CARVAJAL CARLOS
16,1,DANIELA CECILIA SOLARI VEGA
17,1,FRANCISCO ALCAYAGA MOTTA
18,1,MATIAS FELIPE RAMIREZ PASCAL
19,1,MAURICIO SORIA MACCHIAVELLO
20,1,IVAN INFANTE CHACON
21,1,LEONEL ANTONIO VILAXA RAMIREZ
22,1,RODRIGO FERNANDO VARGAS BRIONES
23,1,EDWIN GONZALO LOPEZ PAVEZ
24,1,JOSE FERNANDO MUÑOZ CACERES
25,1,RICHARD GODOY AGUIRRE
26,2,FABIAN OSSANDON BRICEÑO
27,2,JONATHAN RODRIGO VELASQUEZ RAMIREZ
28,2,MARIA INES VERDUGO ESCOBAR
29,2,PABLO ANDRES IRIARTE RAMIREZ
30,2,ROBERTO CARLOS SOTO ALBALLAY
31,2,SEBASTIAN PATRICIO VIDELA CASTILLO
32,2,WILSON DIAZ VASQUEZ
33,2,CAROLINA PAZ LATORRE CRUZ
34,2,DANIEL AGUSTO PEREZ
35,2,DINKA SOLANGE LOPEZ DURAN
36,2,ELIECER DANIEL CHAMORRO VARGAS
37,2,JORGE RICHARD OLIVARES PUENTES
38,2,LEDY OSANDON FERRER
39,2,MIGUEL ALBERTO BALLESTEROS CANDIA
40,2,CRISTIAN ALBERTO GARRIDO GARRIDO
41,2,JORGE GODOY BOLVARAN
42,2,OMAR NORAMBUENA RIVERA
43,2,VIVIANA CUELLO RIVERA
44,2,ENRIQUE ALEJANDRO VENEGAS AVENDAÑO
45,2,MARCELINO SEGUNDO CARVAJAL FERREIRA
46,2,HUMBERTO JOSE FLORES GONZALEZ
47,2,MARCOS AURELIO GAETE FLORES
48,2,MARLENE PAMELA HURTADO MENDOZA
49,2,VICTOR NINA HUANCA
50,2,YESSICA ANGELICA MAMANI MORALES
51,2,ALIRO CATUR ZULETA
52,2,JUSTO ALEXIS ZULETA SANTANDER
53,2,MANUEL ALEJANDRO GARRIDO HERMOSILLA
54,2,MARIA TERESA VELIZ GUERRA
55,2,SERGIO LUIS CUBILLOS VERASAY
56,2,ADRIANA RIVERA VEGA
57,2,DEBORAH DEL PILAR PAREDES CUEVAS
58,2,INGRID GUERRERO GUERRERO
59,2,GUILLERMO GRICERIO HIDALGO OCAMPO
60,2,MARIO GILBERTO ACUÑA VILLALOBOS
61,2,MESAC MOLGAS MUSTAFA
62,2,PATRICIA DEBORA MUJICA SILVA
63,2,SERGIO BELMOR ORELLANA MONTEJO
64,2,GONZALO EUGENIO COVARRUBIAS FIGUEROA
65,2,JAIME PATRICIO ROJAS ALATA
66,2,JORGE PEREZ GUAMAN
67,2,JUAN ENRIQUE ARRIAZA GAJARDO
68,2,LJUBICA ELENA KURTOVIC CORTES
69,2,LUIS RAFAEL MOYANO CRUZ
70,2,PABLO PINASCO YAÑEZ
71,3,CRISTIAN DIDY OLIVARES IRIARTE
72,3,DIANA LOBOS GAJARDO
73,3,BERNARDO HEVIA GARRIDO
74,3,BRUNILDA GONZALEZ ANJEL
75,3,CAROLINA INES GONZALEZ HERNANDEZ
76,3,EMILIO BIANCHI CAÑAS
77,3,MARGARITA ALICIA FLORES SALAZAR
78,3,MELISSA ANDREA VARAS MONSALVE
79,3,NELIDA FRANCISCA VALENCIA FIGUEROA
80,3,RAUL SALAS AGUILERA
81,3,INTI SALAMANCA FERNANDEZ
82,3,LUIS GABRIEL MARCOS PEREZ
83,3,MARCOS LOPEZ RIVERA
84,3,MAXIMILIANO ALBERTO BARRIONUEVO GARCIA
85,3,OSCAR EDUARDO ARAYA CAMPOS
86,3,ALONSO YERKO GUERRA RIVERA
87,3,MARIA TORREJON ROJAS
88,3,MARIO ARAYA ROJAS
89,3,CESAR ORELLANA ORELLANA
90,3,NICOLAS GALLARDO MARTINEZ
91,3,CARMEN HIDALGO NARRIAS
92,3,DANIEL DESIDERIO DIAZ TIRADO
93,3,GENARO BRICEÑO TAPIA
94,3,RONY ACUÑA BORQUEZ
95,3,CARLOS ROBERTO CAMPBELL ARAYA
96,3,CAROLINA GANGAS SOBARZO
97,3,CRISTOBAL ZUÑIGA ARANCIBIA
98,3,JOEL CARRIZO DIAZ
99,3,LUIS PACHECO PACHECO
100,3,MONICA ALEJANDRA FUENTES RUBILAR
101,3,YHANSS DELGADO QUEVEDO
102,3,ALEXIS DEL CARMEN LEMUS CAMPILLAY
103,3,ARMANDO FLORES JIMENEZ
104,3,IVAN MASCAREÑA SANTANA
105,3,KARINA ZARATE RODRIGUEZ
106,3,PEDRO PABLO OGALDE MENESES
107,3,VICTOR ISLA LUTZ
108,4,ANGELA GUERRA ARAYA
109,4,CRISTIAN ESCALANTE VEGA
110,4,EDUARDO ALEJANDRO DUARTE YAÑEZ
111,4,GERALD ALBERT CERDA PIZARRO
112,4,WILSON NUÑEZ ZEPEDA
113,4,BERNARDO LEYTON LEMUS
114,4,MARCIAL RUBEN SALAS CORTES
115,4,RUBEN ORLANDO CORTES CAMPUSANO
116,4,EGIDIO BALTAZAR UGALDE GOMEZ
117,4,KATHERINE SOLEDAD GALLEGUILLOS ZEPEDA
118,4,PEDRO CASTILLO DIAZ
119,4,RENAN GREGORIO UGALDE MEZA
120,4,SERGIO HONOFRE ARAYA RAMIREZ
121,4,ALI MANUEL MANOUCHEHRI MOGHADAM KASHAN LOBOS
122,4,FERNANDO VIVEROS REYES
123,4,MARCELO PEREIRA PERALTA
124,4,MOIRA IVONNE NAVEA DIAZ
125,4,PEDRO ANTONIO CASTILLO CASTILLO
126,4,RICARDO VITALY LEDEZMA JIMENEZ
127,4,DENIS CORTES AGUILERA
128,4,ERNESTINA SARMIENTO RIVERA
129,4,LUIS LEMUS ARACENA
130,4,PATRICIO EDUARDO ASTUDILLO VALENCIA
131,4,RICARDO DEL TRANSITO CASTILLO CASTILLO
132,4,UBERLINDA AQUEA BARRAZA
133,4,YERKO GALLEGUILLOS OSSANDON
134,4,ALEX FERNANDO GARRIDO TAPIA
135,4,CLAUDIO ISMAEL PIÑA NOVOA
136,4,JUAN CARLOS THENOUX CIUDAD
137,4,ROBERTO ELIAS JACOB JURE
138,4,VICTOR HUGO CASTAÑEDA VARGAS
139,4,CHRISTIAN FRANK GROSS HIDALGO
140,4,JOCELYN ALEJANDRA TORDECILLA JORQUERA
141,4,JUAN JALET HISI ESPINOZA
142,4,MACARENA NAVEA ESPINOZA
143,4,MANUEL MARCARIAN JULIO
144,4,OSCAR ENRIQUE PEREIRA PERALTA
145,4,CAMILO OSSANDON ESPINOZA
146,4,CRISTIAN DANIEL HERRERA PEÑA
147,4,DARIO MOLINA SANHUEZA
148,4,HERNAN BORQUEZ CASTILLO
149,4,CLAUDIO FERMIN RENTERIA LARRONDO
150,4,HECTOR ENRIQUE MALUENDA CAÑETE
151,4,JEANNETTE DEL CARMEN MEDINA ARAYA
152,4,MARIO ALEJANDRO BARRIOS ROJAS
153,4,MIGUEL SOLIS VIERA
154,4,RODRIGO GALVEZ PEREZ
155,4,WLADIMIR PLETICOSIC ORELLANA
156,4,HERNAN AHUMADA AHUMADA
157,4,LORENZO ROBERTO TORRES MEDINA
158,4,MARIO ALFONSO ROJAS ROJAS
159,4,CARLOS ANTONIO ARAYA BUGUEÑO
160,4,CEDELINDA CARMEN VALDIVIA MORENO
161,4,HERMES DIAZ RIVERA
162,4,HUGO BRAYAN BOLADOS TAPIA
163,4,MARTA ANGELICA CARVAJAL CORTES
164,4,PEDRO ALEJANDRO VALDIVIA RAMIREZ
165,4,PEDRO HUMBERTO ARAYA ZEPEDA
166,4,CARMEN JUANA OLIVARES DE LA RIVERA
167,4,EDGARD BENJAMIN ANJEL VELIZ
168,4,ROSA URQUETA GAHONA
169,4,SOLANO DE LA RIVERA CORTES
170,4,ALEJANDRO EMILIO TELLO ARATA
171,4,ANGEL LEONARDO GONZALEZ AGUILERA
172,4,FERNANDO ALFREDO GALLARDO PEREIRA
173,4,GERARDO ANDRES ROJAS ESCUDERO
174,4,JOHNNY PATRICIO VINET SIAS
175,4,LUIS ALEGRE ALCOTA
176,4,MARCELA MARGARITA DIAZ PALACIO
177,4,MARIO ENRIQUE CHAVEZ RAMIREZ
178,4,YERKO EDISON OCTAVIO AVALOS VILLARROEL
179,4,EUGENIA DE LAS MARIAS CIFUENTES LILLO
180,4,MARIO AROS CARVAJAL
181,4,RAFAEL VERA CASTILLO
182,5,EDUARDO EUGENIO SALGADO REYES
183,5,JESSICA MARCELA GARCIA PHILLIPS
184,5,JOSE LUIS YAÑEZ MALDONADO
185,5,SANTIAGO VERA TORREALBA
186,5,ALBERTO PATRICIO ALIAGA DIAZ
187,5,CLAUDIO ALEXIS GODOY TORO
188,5,LUIS ALBERTO RODRIGUEZ SANHUEZA
189,5,MARIO SEGUNDO ALVARADO OSORIO
190,5,VICTOR DONOSO OYANEDEL
191,5,CINTHY MAGDALENA MISKULINI ARAYA
192,5,EDUARDO MARTINEZ MACHUCA
193,5,IVANNA GONZALEZ VILLALOBOS
194,5,JOHNNY PIRAINO MENESES
195,5,NICOLAS ALEJANDRO CHAHUAN VELIZ
196,5,TRINIDAD ROJO AUGUSTO
197,5,DINA GONZALEZ ALFARO
198,5,JUAN VILLARROEL SALINAS
199,5,MARCELO PATRICIO CASTILLO VARAS
200,5,BERNARDO LUIS ALVAREZ GARCIA
201,5,RAUL EDUARDO LORCA MERINO
202,5,RODRIGO GARCIA TAPIA
203,5,FRANCISCO JAVIER RIQUELME LOPEZ
204,5,IVAN DURAN PALMA
205,5,RODRIGO MARTINEZ ROCA
206,5,BENJAMIN KOCH CHACON
207,5,FELIPE GONZALEZ ARANCIBIA
208,5,HARRY BAILEY VALENZUELA
209,5,MANUEL HUMBERTO ARANCIBIA MORALES
210,5,RODRIGO DIAZ BRITO
211,5,FREDDY ANTONIO RAMIREZ VILLALOBOS
212,5,JORGE ANTONIO VALDOVINOS GOMEZ
213,5,LUIS RIVERA CANEO
214,5,MARCIA LORENA TAPIA NAVIA
215,5,MARCIAL ORTIZ FLORES
216,5,PABLO ESTEBAN ROJAS DAYDI
217,5,RICARDO ANDRES URENDA HERENCIA
218,5,DANIA CONTRERAS JIMENEZ
219,5,JOSE JOFRE BUSTOS
220,5,KARIME CHAMAL ORMEÑO
221,5,MARIO GONZALO PEREZ BARRERA
222,5,ALFONSO MUÑOZ ARAVENA
223,5,GLORIA CARRASCO NUÑEZ
224,5,LUIS ALEJANDRO GARCIA JOFRE
225,5,RODRIGO TOBAR GALLARDO
226,5,VERONICA ROJAS ARENAS
227,5,YURI JOANN RAVEST FRITZ
228,5,FERNANDO AMADOR CARRASCO CABRERA
229,5,JOSE RAFAEL SAAVEDRA IBACACHE
230,5,KAREN FIGUEROA LOPEZ
231,5,SERGIO JOSE SANCHEZ ROJAS
232,5,IVONNE NAHOE ZAMORA
233,5,JULIO ARAKI TEPANO
234,5,PEDRO PABLO EDMUNDS PAOA
235,5,DIEGO FELIPE LEON TUDELA
236,5,PABLO ANDRES MANRIQUEZ ANGULO
237,5,ANDRES LEIVA VALENCIA
238,5,FILOMENA NAVIA HEVIA
239,5,MIRENTXU ARRAZTOA LARRONDO
240,5,CLARISA DE LAS MERCEDES SECO TAPIA
241,5,GARY LEIVA ROJO
242,5,JUAN IBACACHE IBACACHE
243,5,PATRICIO DANIEL PALLARES VALENZUELA
244,5,RICARDO FERREIRA FERREIRA
245,5,RUBEN SALVADOR DIAZ TAPIA
246,5,DANIEL MORALES ESPINDOLA
247,5,DANILO SANDOVAL SARABIA
248,5,FRANCISCO JAVIER ARIAS TERUEL
249,5,SEBASTIAN ENRIQUE BALBONTIN BUSTAMANTE
250,5,CARLOS JAVIER MIRANDA ROZAS
251,5,EDGARDO GONZALEZ ARANCIBIA
252,5,FERNANDO ASTORGA TERRAZA
253,5,BENIGNO ALEJANDRO RETAMAL RODRIGUEZ
254,5,MANUEL RIVERA MARTINEZ
255,5,MARCELO DAVID MERINO VERGARA
256,5,MIGUEL ALEX HENRIQUEZ CELEDON
257,5,JONATHAN MOISES VASQUEZ LEON
258,5,MARGARITA OSORIO PIZARRO
259,5,RICARDO ALIAGA GOMEZ
260,5,ALEJANDRO COLLAO REYES
261,5,ANITA MARIA VERGARA ESTAY
262,5,JAVIER ENRIQUE PUIGGROS VOGEL
263,5,JORGE ELIAS JIL HERRERA
264,5,NOEMI SUSANA CACERES ROJAS
265,5,RAMON ROLANDO FREZ ARANCIBIA
266,5,GONZALO VERGARA LIZANA
267,5,MAGALI SEPULVEDA CONTRERAS
268,5,MARGARITA ANDREA VELEZ MALGUE
269,5,CLAUDIA ADASME DONOSO
270,5,JAIME AHUMADA ROBLES
271,5,MANUEL ALEJANDRO BERRIOS MORALES
272,5,MARCEL HENRI CLAUDE REYES
273,5,RAQUEL JUDITH GONZALEZ ESPINOSA
274,5,RODOLFO ENRIQUE FERNANDEZ ALFARO
275,5,GONZALO ARENAS FLORES
276,5,GUSTAVO ABEL HENRIQUEZ TOLEDO
277,5,IGNACIO GAMALIER VILLALOBOS HENRIQUEZ
278,5,MOISES SAAVEDRA CASTRO
279,5,MONICA ISABEL FLORES VIVANCO
280,5,RODRIGO CUEVAS VIVANCO
281,5,ANA ROSA VILLARROEL PACHECO
282,5,EDUARDO VEAS OGAZ
283,5,ELIANA OLMOS SOLIS
284,5,HUGO MOISES ROJAS JULIO
285,5,JAVIERA TAMARA GAETE MENDOZA
286,5,MARCOS MORALES URETA
287,5,FABIAN MUÑOZ DIAZ
288,5,JAVIER BLAS PIZARRO GAJARDO
289,5,JULIO EVARISTO CALDERON CORTES
290,5,JULIO OSVALDO ARAVENA CESPEDES
291,5,LORENA SOLEDAD VELIZ FLORES
292,5,MAURICIO ANTONIO QUIROZ CHAMORRO
293,5,PATRICIO ERNESTO GONZALEZ NUÑEZ
294,5,ULISES TOBAR CASSI
295,5,VERONICA ALEJANDRA BARRERA ALFARO
296,5,CRISTIAN CERDA SCHNEIDER
297,5,MAURICIO AVILA PINO
298,5,OSCAR CALDERON SANCHEZ
299,5,YERKO IGOR GUTIERREZ ALVAREZ
300,5,AMELIA HERRERA SILVA
301,5,CESAR EDMUNDO TORRES CHINCHON
302,5,CHRISTIAN CARDENAS SILVA
303,5,CLAUDIO IVAN GALARCE GONZALEZ
304,5,MAURICIO RENE OYARCE VERA
305,5,ROSA YASMINA HORMAZABAL RODRIGUEZ
306,5,VALERIA ANDREA MELIPILLAN FIGUEROA
307,5,VERONICA ANDREA SOTOMAYOR PEREZ
308,5,EDUARDO HUMBERTO CARREÑO PINTO
309,5,FELIPE VERGARA LUCERO
310,5,JORGE SAN MARTIN GUTIERREZ
311,5,MAURICIO CARRASCO PARDO
312,5,OSCAR GABRIEL POBLETE INOSTROZA
313,5,OSCAR RIVEROS MENA
314,5,GABRIELA ALEJANDRA RUBILAR LOPEZ
315,5,JUAN ANTONIO LOBOS VIGUERA
316,5,JUAN GALDAMES CARMONA
317,5,JULIO CESAR BUCAREY ZELAYA
318,5,PEDRO CABALLERIA DIAZ
319,5,CAROLINE MIREILLE SIREAU GUAJARDO
320,5,CONSTANZA LIZANA SIERRA
321,5,JORGE JORQUERA CASTRO
322,5,JUAN MANUEL OLIVARES MEZA
323,5,MANUEL ALEJANDRO VILLATORO JEREZ
324,5,MARCELO MUÑOZ MORALES
325,5,CHRISTIAN ORTEGA VILLAGRAS
326,5,JOSE MANUEL BRAVO HIDALGO
327,5,JULIO CONTRERAS TAPIA
328,5,SERGIO REYES COLARTE
329,5,BORIS CRISTIAN AEDO TORRES
330,5,CARMEN CASTILLO TAUCHER
331,5,CHRISTIAN BEALS CAMPOS
332,5,FRANCISCA BELLO CAMPOS
333,5,PATRICIO FREIRE CANTO
334,5,MANUEL ENRIQUE LEON SAA
335,5,MARCO ANTONIO CORTEZ LLOPIS
336,5,MARISOL PONCE CISTERNA
337,5,MATIAS FELIPE GONZALEZ MORALES
338,5,DINO PAOLO LOTITO FLORES
339,5,ROMY FARIAS CABALLERO
340,5,CARLOS BANNEN GONZALEZ
341,5,CLAUDIO ANDRES REYES STEVENS
342,5,JORGE SHARP FAJARDO
343,5,LUIS GUILLERMO SCHWAIGER RIVERA
344,5,MARCELA CORTES GONZALEZ
345,5,MARCELO BARRAZA VIVAR
346,5,ANGELO GUSTAVO BARCHIESI CHAVEZ
347,5,CRISTIAN ALEJANDRO LUNA SALINAS
348,5,HEINRICH KASPER WITTIG BARRETO
349,5,JAVIERA TOLEDO MUÑOZ
350,5,JOSE SABAT SRUR
351,5,NELSON FERNANDO ESTAY MOLINA
352,5,ALAND TAPIA SAN CRISTOBAL
353,5,ANDREA MOLINA OLIVA
354,5,CRISTIAN DANIEL MAYORGA HEVIA
355,5,JORGE LUIS ESCUDERO SALINAS
356,5,JORGE RAUL ESTAY OLGUIN
357,5,MACARENA CAROLINA RIPAMONTI SERRANO
358,5,MARCELA VARAS FUENTES
359,5,MARLEN ANDREA OLIVARI MAYER
360,5,PAULA LORENA ARRIAGADA ORTIZ
361,5,RODRIGO VATTUONE GARCES
362,5,GUILLERMO IGNACIO MARCONE OSORIO
363,5,GUSTAVO ALESSANDRI BASCUÑAN
364,6,CARLOS MANUEL GONZALEZ ABRIGO
365,6,FABIAN SOTO GONZALEZ
366,6,IVAN VALENZUELA PALACIOS
367,6,LOREDANA VALESKA GUAJARDO BARAHONA
368,6,MARCO ANTONIO CONTRERAS JORQUERA
369,6,PATRICIO ANTONIO DONOSO GUTIERREZ
370,6,IVAN ANDRES ACEVEDO SILVA
371,6,JOAQUIN VALENZUELA BAEZA
372,6,JOSE ALEXANDER FLORES OSORIO
373,6,CLAUDIA GUAJARDO VALENZUELA
374,6,HECTOR ALFREDO ORELLANA SANCHEZ
375,6,JUAN ABARCA PADILLA
376,6,CRISTOPHER ALEXIS VIDAL MEDINA
377,6,FELIX ANDRES SANCHEZ VERGARA
378,6,JEMAEL SIDHARTA PEREZ FRANCO
379,6,JONATHAN VASQUEZ LAGOS
380,6,JORGE CERDA MUÑOZ
381,6,PILAR ANDREA ABARCA OSORIO
382,6,BORIS ACUÑA GONZALEZ
383,6,DEYSI NAVARRO PADILLA
384,6,PABLA PONCE VALLE
385,6,PAULO CESAR MORALES ARRIAGADA
386,6,CLAUDIO SEGOVIA COFRE
387,6,GABRIEL MENDOZA IBARRA
388,6,JORGE OSVALDO GONZALEZ FARIAS
389,6,TERESA CARMEN ELGUETA MORENO
390,6,ANDRES ALONSO FERNANDEZ TAPIA
391,6,ANGELICA SILVA ARRUE
392,6,HECTOR OSORIO MONRREAL
393,6,VALENTIN GERONIMO VIDAL RUBIO
394,6,JAIME EUGENIO FABIA REYES
395,6,JUAN PABLO FLORES ASTORGA
396,6,LEANDRO CARREÑO VARGAS
397,6,RIGOBERTO LEIVA PARRA
398,6,GABRIEL EDUARDO PALMA DONOSO
399,6,JULIO PEÑA TOBAR
400,6,RENE ACUÑA ECHEVERRIA
401,6,CORINA DEL CARMEN DIAZ ARANCIBIA
402,6,JOSE ALFREDO ROMAN CHAVEZ
403,6,JOSE GUILLERMO DIAZ SALAS
404,6,DORIS SIXTINA VALDIVIA MONSALVE
405,6,GONZALO LOPEZ LOPEZ
406,6,HECTOR LABBE VALENZUELA
407,6,JUAN CARLOS ABUD PARRA
408,6,SARA ANDREA RAMIREZ CRUZ
409,6,ALEJANDRO PALOMINOS VENEGAS
410,6,JUAN MAGAÑA RUBIO
411,6,LORENZO ABARCA UBILLA
412,6,LUIS BARRA VILLANUEVA
413,6,CRISTIAN SALINAS HERRERA
414,6,JOSE IGNACIO GONZALEZ PINO
415,6,PATRICIA CARREÑO SILVA
416,6,RODRIGO FERNANDO VELIZ FARIAS
417,6,CECILIA DEL CARMEN VIVEROS CASTILLO
418,6,CLAUDIA CAROCA CONTRERAS
419,6,GONZALO MEZA VANNINI
420,6,JOSE JOAQUIN HURTADO BARAHONA
421,6,SANTIAGO AQUILES GARATE ESPINOZA
422,6,TERESITA REYES OVALLE
423,6,VERONICA DEL PILAR ARROYO ARANCIBIA
424,6,EDUARDO ESCANILLA GAETE
425,6,HUGO ARIAS GONZALEZ
426,6,MARIA IGNACIA DE JESUS DE LA RIVA DUTZAN
427,6,MARIO BUSTAMANTE SALINAS
428,6,DANIEL ALFONSO OLIVARES VIDAL
429,6,FIDEL TORRES AGUILERA
430,6,GONZALO ALBERTO ORTEGA PRIETO
431,6,MARIO ANTONIO GONZALEZ SOTO
432,6,PATRICIA ARIAS RODRIGUEZ
433,6,PRISSILA NATALY FARIAS MORALES
434,6,YANKO ANTONIO BLUMEN ANTIVILO
435,6,EVARISTO SEGUNDO ORELLANA CORREA
436,6,JORGE ANTONIO PEÑA BRUCE
437,6,MARIA ESTRELLA MONTERO CARRASCO
438,6,PRAXEDES PEREZ ARANGUIZ
439,6,CLAUDIO CABRERA MARAMBIO
440,6,GLORIA DE LAS MERCEDES PAREDES VALDES
441,6,JOSE MIGUEL REYES POBLETE
442,6,MOISES ANTONIO CARVACHO VARGAS
443,6,CARLOS UTMAN GOLDSCHMIDT
444,6,CLAUDIO ABRAHAM CUMSILLE CHOMALI
445,6,FROILAN NUÑEZ CUMSILLE
446,6,CARLOS ARIEL ALIAGA DONOSO
447,6,ESTEBAN GREGORIO MARTINEZ RUBIO
448,6,JOSE ALEJANDRO MARTINEZ PARDO
449,6,PEDRO RUBIO GONZALEZ
450,6,RIGOBERTO PEREZ HUENUMAN
451,6,ROSA GLADYS RUBIO UGALDE
452,6,CRISTIAN PAVEZ HERRERA
453,6,GUILLERMO OLAYO GONZALEZ CUETO
454,6,ISMAEL HERNANDO GONZALEZ GUTIERREZ
455,6,MARCOS AURELIO FUENTES ULLOA
456,6,TAMARA JOFRE SALINAS
457,6,CRISTIAN ANDRES POZO PARRAGUEZ
458,6,HIPOLITO SOLANO RUBIO
459,6,JORGE LUIS URZUA GARCIA
460,6,JULIO DIEGO IBARRA MALDONADO
461,6,MANUEL ROBERTO COFRE PEREZ
462,6,MARCELO CABRERA MARTINEZ
463,6,PABLO MARTINEZ QUINTEROS
464,6,CHRISTIAN JOSE CONTRERAS ORELLANA
465,6,MANUEL TULIO CONTRERAS ALVAREZ
466,6,FRANCISCO ARNOLDO CASTRO GALVEZ
467,6,GONZALO BARAONA BEZANILLA
468,6,HELI FRANCISCO CARRASCO URETA
469,6,MARIO GALVEZ PALMA
470,6,ROBERTO ANDRES ARENAS VASQUEZ
471,6,SEBASTIAN ALONSO RODRIGUEZ FUENZALIDA
472,6,DANILO EUGENIO JORQUERA VIDAL
473,6,JUAN RAMON GODOY MUÑOZ
474,6,MARTA GONZALEZ OLEA
475,6,PAMELA JADELL ECHAGUE
476,6,RAIMUNDO AGLIATI MARCHANT
477,6,RICARDO FERNANDO CERDA ARANCIBIA
478,6,ROBERTO ANTONIO VILLAGRA REYES
479,6,ALVARO VALENTIN LIZANA FUENTES
480,6,CARLOS SOTO GONZALEZ
481,6,JULIO IVAN IBARRA MARIPANGUE
482,6,MARCOS GATICA MUÑOZ
483,6,YOSSELIN MOYANO CALABRANO
484,6,MARIA VICTORIA CAVIERES PAIVA
485,6,WALDO ANTONIO VALDIVIA MONTECINOS
486,6,ALEJANDRO RIQUELME CALVO
487,6,CRISTIAN FABIAN SILVA ROSALES
488,6,FIORINA MISCHAL GONZALEZ MOYA
489,6,GABRIEL FRANCISCO ROJAS OYARCE
490,6,LUIS BERWART ARAYA
491,6,LUIS MANUEL ORELLANA ROJAS
492,6,PABLO ORELLANA RIVAS
493,6,PABLO SILVA PEREZ
494,6,XIMENA FLORES PEÑALOZA
495,6,GUIDO CARREÑO REYES
496,6,JAIME GONZALEZ RAMIREZ
497,6,BERNARDO PATRICIO MORELL PIÑEDA
498,6,CARLOS CISTERNA PAVEZ
499,6,JOSE ARTURO GUAJARDO REYES
500,6,MANUEL ORLANDO PALMA VARAS
501,6,WILLIAM AREVALO CORNEJO
502,6,YOSHI CATALINA GUAJARDO AMAYA
503,7,ALEJANDRA RAMIREZ VERDUGO
504,7,DOMINGO LEIVA MENA
505,7,JORGE EDUARDO MUÑOZ SAAVEDRA
506,7,NERY CRISTINA RODRIGUEZ DOMINGUEZ
507,7,ALFONSO MEZA MEZA
508,7,DAVID EDUARDO SANCHEZ ARELLANO
509,7,JOSE ANIBAL PEREZ MEZA
510,7,JOSE HUMBERTO ESPINOSA CAMPOS
511,7,MARCELO OSVALDO WADDINGTON GUAJARDO
512,7,ROSAURO ANTONIO ELGUETA VALENZUELA
513,7,CLAUDIO FELIPE ROSSON MUÑOZ
514,7,GUSTAVO ALFONSO ROJAS ARAVENA
515,7,JONATHAN EDUARDO NORAMBUENA BARROS
516,7,PEDRO PABLO MUÑOZ OSES
517,7,CARLOS VALENZUELA GAJARDO
518,7,FABIAN MANUEL PEREZ HERRERA
519,7,FRANCO ARAVENA GONZALEZ
520,7,CARLOS ALBERTO HENRIQUEZ RAMIREZ
521,7,JUAN PABLO RETAMAL GUTIERREZ
522,7,RENE ALEJANDRO CONCHA GONZALEZ
523,7,JAVIER MUÑOZ RIQUELME
524,7,MACARENA PONS PORCILE
525,7,PAMELA ANDREA HENRIQUEZ ROJAS
526,7,CARLOS CORREA MIÑOS
527,7,GONZALO TEJOS PEREZ
528,7,MANUEL BAEZ GAJARDO
529,7,RICARDO OPAZO FIERRO
530,7,CAROLINA ALEJANDRA MUÑOZ NUÑEZ
531,7,MARISOL DEL CARMEN PEREZ SAAVEDRA
532,7,PATRICIA ALEJANDRA QUEZADA MORENO
533,7,SERGIO ANTONIO NUÑEZ ALIAGA
534,7,BRUNO GONZALEZ ACUÑA
535,7,MARCELO FERNANDEZ VILOS
536,7,ALAMIRO GARRIDO CACERES
537,7,CARLOS ANDRES GAJARDO YAÑEZ
538,7,MARIO MEZA VASQUEZ
539,7,WALDO CESAR ALFARO MARTINEZ
540,7,CRISTIAN MENCHACA PINOCHET
541,7,DANILO DEL CARMEN BARRA MENDEZ
542,7,GONZALO JARA REYES
543,7,JAIME BRIONES JORQUERA
544,7,MANUEL JESUS SAN MARTIN ROMERO
545,7,ROBIN ARAYA ACEVEDO
546,7,RUTH UBERLINDA FLORES CAMPOS
547,7,BRIAN JHON VILLALOBOS RETAMAL
548,7,CARLOS OVALLE ROJAS
549,7,LUIS GABRIEL VASQUEZ GALVEZ
550,7,FELIPE EDUARDO MENDEZ GUZMAN
551,7,NICOLAS SANTANA RIVERA
552,7,PRISCILLA ELENA CASTILLO GERLI
553,7,GUIDO CASTILLA MORA
554,7,GUILLERMO CERONI FUENTES
555,7,JUAN CARLOS BENAVENTE MEZA
556,7,PAULA RETAMAL URRUTIA
557,7,RODRIGO ESTEBAN CASTRO SEPULVEDA
558,7,CRISTOFER CAMILO RETAMAL LARA
559,7,LUIS BERNARDO VASQUEZ BOBADILLA
560,7,ROBERTO SILVA ADI
561,7,DANIEL BUSTOS LEAL
562,7,MARIA LUZ REYES ORELLANA
563,7,JOSE CORREA CORREA
564,7,JOSE MIGUEL TOBAR ARAVENA
565,7,MARCELO ALEJANDRO VIEDMA VILLAMAN
566,7,ENRIQUE FRANCISCO IGNACIO OLIVARES FARIAS
567,7,MANUEL JESUS POBLETE NAVARRO
568,7,PASCUAL SEGUNDO AREVALOS MARTINEZ
569,7,IGNACIO LUNA VALLEJOS
570,7,JUAN PATRICIO CONTRERAS CONTRERAS
571,7,LUIS SERGIO PINO ANDRADES
572,7,RODRIGO RAMIREZ PARRA
573,7,VIVIANA LANDAETA PARRA
574,7,AMERICO GUAJARDO OYARCE
575,7,EDUARDO ALFONSO POBLETE NAVARRO
576,7,ROSA MARIA NAVARRO AMIGO
577,7,CARLOS VERGARA ZEREGA
578,7,CLAUDIO PINO ULLOA
579,7,JOSE ALFREDO GONZALEZ RAMIREZ
580,7,JOSSELYN ALEJANDRA OYARZUN NARANJO
581,7,JUAN DE LA CRUZ BADILLA RAMIREZ
582,7,MARTIN ARRIAGADA URRUTIA
583,7,PAULO ENRIQUE AVALOS SEPULVEDA
584,7,MARIA INES SEPULVEDA FUENTES
585,7,PABLO AMARO VALENZUELA
586,7,TOMAS PABLO HERNANDEZ MORALES
587,7,GERMAN ANDRES HERRERA DINAMARCA
588,7,JORGE EDUARDO IGNACIO SILVA SEPULVEDA
589,7,PEDRO FERNANDEZ CHAVARRI
590,7,WILLIAMS VALENZUELA VILLALOBOS
591,7,CESAR CANTUARIAS CHAZARRO
592,7,CLAUDIA ALEJANDRA DIAZ BRAVO
593,7,ANDREA CAMARGO PINO
594,7,JUAN CARLOS DIAZ AVENDAÑO
595,7,RODRIGO SEPULVEDA ESPINOZA
596,7,SILVIA VIVIANA CABELLO LETELIER
597,7,SIXTO GONZALEZ SOTO
598,7,ANGELA GINETTE MUÑOZ VENEGAS
599,7,SANDRA AMESTICA GAETE
600,7,CRISTIAN BRAVO CABEZAS
601,7,MAURICIO ANDRES CORREA URZUA
602,7,PATRICIO ANDRES RIVERA BRAVO
603,7,ROBERTO RIVERA PINO
604,7,ROMAN DEL TRANSITO PAVEZ LOPEZ
605,7,ALVARO DIEGUEZ ANGULO
606,7,CARLA ANDREA MANOSALVA REYES
607,7,FABIOLA ARENAS SEPULVEDA
608,7,JORGE ALFREDO PEÑA VARGAS
609,7,LUIS ANGEL ALEGRIA ACUÑA
610,7,PABLO FUENTES VALLEJOS
611,7,RICARDO ANTONIO LIZAMA SOTO
612,7,EVA PALMA LEAL
613,7,JAIME RODOLFO CLARET ARIAS
614,7,LUIS GILBERTO CADEGAN MORAN
615,8,FELIX VITA MANQUEPI
616,8,JOSE MARIA PEREIRA CANIO
617,8,NIVALDO PIÑALEO LLAULEN
618,8,PEDRO LUCIANO MANQUEPI VIVANCO
619,8,ROGELIO MARIHUAN ANCANAO
620,8,CLAUDIO ANDRES REYES JELVES
621,8,DIEGO FRANCISCO PEÑA GUTIERREZ
622,8,JORGE CORREA RIOS
623,8,MIGUEL ABUTER LEON
624,8,SANDRA LILIANA BOBADILLA CISTERNA
625,8,ELIZABETH NOEMI MARICAN RIVAS
626,8,GONZALO MAURICIO GAYOSO SAEZ
627,8,HECTOR BRAVO BARRALES
628,8,HECTOR RAUL ULLOA MACHUCA
629,8,MIGUEL JAIR SALDIAS SEPULVEDA
630,8,WALTER RODRIGUEZ LEAL
631,8,CLAUDIO ANTONIO GONZALEZ RIVERA
632,8,MARIO ALEJANDRO GIERKE QUEVEDO
633,8,YUSEF SABAG ARANEDA
634,8,JORGE RADONICH BARRA
635,8,OLGA PAMELA SALGADO MOLINA
636,8,ANTONIO RIVAS VILLALOBOS
637,8,JESSICA FLORES REYES
638,8,JORGE CARLOS LOZANO ZAPATA
639,8,ALVARO ORTIZ VERA
640,8,CAMILA ALONDRA POLIZZI FONCECA
641,8,CAMILO ALEJANDRO RIFFO QUINTANA
642,8,ERIC PINTO VIGUERA
643,8,MARLENE PEREZ CARTES
644,8,CARLOS ARTURO LEAL NEIRA
645,8,DIEGO EDUARDO IBAÑEZ BURGOS
646,8,MAURICIO LEBRECHT SPERBERG
647,8,BORIS FELIPE CHAMORRO REBOLLEDO
648,8,GONZALO OSORIO RIOSECO
649,8,JOSE SUAZO MUÑOZ
650,8,LUIS ANDRES CHAMORRO BARRIENTOS
651,8,LUIS ARTURO RODRIGUEZ CAMPOS
652,8,ALEJANDRA BURGOS BIZAMA
653,8,LUIS GENGNAGEL GUTIERREZ
654,8,CRISTIAN LEONARDO PEÑA PASTEN
655,8,JORGE ELIECER ROA VILLEGAS
656,8,LUIS TORRES GAMBOA
657,8,CLAUDIO PRADENA BARRIENTOS
658,8,GABRIEL TORRES HERMOSILLA
659,8,HECTOR RAUL TORRES FUENTES
660,8,ISMAEL IGNACIO OLMOS ALARCON
661,8,JUAN GUILLERMO CRUZ RIVERA
662,8,KATHERINE TORRES MACHUCA
663,8,MARCELA MAKARENA WEBER JARA
664,8,MIGUEL RIVERA MORALES
665,8,ORNELLA BELIA CONCHA HERMOSILLA
666,8,SANDRA TATIANA VELASQUEZ PALMA
667,8,ERIKA MONTOYA LLANOS
668,8,JORGE ALEJANDRO CONTANZO BRAVO
669,8,ALEX ADRIAN OSSES OSSES
670,8,ERNESTO DEL ROSARIO FICA TOLEDO
671,8,HECTOR PEREZ AGUAYO
672,8,JOSE JOAQUIN SANHUEZA VILLAMAN
673,8,ROBERTO ELIAS QUINTANA INOSTROZA
674,8,VLADIMIR FICA TOLEDO
675,8,CRISTIAN ABEL JORGE PEÑA MORALES
676,8,MARCELA ALEJANDRA TIZNADO FERNANDEZ
677,8,ALVARO ALONSO ALARCON JEREZ
678,8,PABLO VEGAS VERDUGO
679,8,PAOLA MELITA VINETT
680,8,VIVIANA OLAVE ROSALES
681,8,BRUNO VYHMEISTER LOPEZ
682,8,ESTEBAN EDUARDO KRAUSE SALAZAR
683,8,CARLA JAZMINA CEBALLOS SANTIBAÑEZ
684,8,MAURICIO VELASQUEZ VALENZUELA
685,8,PATRICIO MARCHANT ULLOA
686,8,TAMARA ANGELICA CONCHA CABRERA
687,8,GUILLERMO BREVIS PEREIRA
688,8,JORGE ALBERTO RIVAS FIGUEROA
689,8,JOSE LUIS ULLOA MORGENSTERN
690,8,SANDRA EUGENIA MARGARITA DUHALDE ARRIAGADA
691,8,CARLOS TOLOZA SOTO
692,8,HUGO INOSTROZA RAMIREZ
693,8,ALFREDO ALEJANDRO PEÑA PEÑA
694,8,PLACIDO VIDAL BARNACHEA
695,8,HECTOR GUILLERMO PEÑAILILLO NUÑEZ
696,8,VICTOR HUGO FIGUEROA REBOLLEDO
697,8,FREDY BARRUETO VIVEROS
698,8,PABLO ANTONIO URRUTIA MALDONADO
699,8,JAIME AURELIO QUILODRAN ACUÑA
700,8,RODRIGO MARIANO TAPIA AVELLO
701,8,ANDREA MUÑOZ ARAYA
702,8,GABRIEL EDUARDO PEREZ BENAVIDES
703,8,IGNACIO SAPIAIN MARTINEZ
704,8,JAVIER GUIÑEZ CASTRO
705,8,JUAN PABLO SPOERER BRITO
706,8,LUIS JARA ABADIA
707,8,MARIA ANGELICA OJEDA SANHUEZA
708,8,RENE BETANZO GOMEZ
709,8,GABRIEL EDUARDO SEPULVEDA MORA
710,8,JULIAN EDGARDO ESPINOZA GUZMAN
711,8,RABINDRANATH ACUÑA OLATE
712,8,CRISTIAN OSES ABUTER
713,8,DANIEL SEBASTIAN SALAMANCA PEREZ
714,8,ANA ALBORNOZ CUEVAS
715,8,FRANCISCO SOTO RECABAL
716,8,JOCSAN AGUSTIN SANHUEZA VALDEBENITO
717,8,CRISTHIAN LAGOS PALMA
718,8,CRISTIAN CAMPOS JARA
719,8,EDUARDO SAAVEDRA BUSTOS
720,8,HENRY CAMPOS COA
721,8,JUAN CARLOS VENEGAS VILLA
722,8,LEOCAN PORTUS URBINA
723,8,ANDREA REINAO MILLAHUAL
724,8,JORGE LINCOPI MARIHUEN
725,8,JOSE LINCO GARRIDO
726,8,CARLOS LOPEZ SANCHEZ
727,8,EDUARDO AGUILERA AGUILERA
728,8,ITALO CACERES LIZANA
729,8,IVONNE RIVAS ORTIZ
730,8,LARRY SANDOVAL LARA
731,8,LUIS ALEJANDRO MOLINA VEGA
732,8,SANDRA OLIVA JIMENEZ
733,8,SOLEDAD PORTALES PACHECO
734,8,CARLOS DE LA CRUZ VARGAS
735,8,JAIME VELOSO JARA
736,8,CARLOS ANDRES PINILLA PINILLA
737,8,CRISTIAN KARIN CERRO GARRIDO
738,8,JOSE AURELIO SAEZ VINET
739,8,JUAN CABEZAS VEGA
740,8,RAUL IVAN VARGAS SANZANA
741,8,YOLANDA ANGELICA DEL CARMEN ROMERO PEÑA
742,9,AMERICO LANTAÑO MUÑOZ
743,9,EDUARDO FRANCISCO CONTRERAS DIAZ
744,9,ENRIQUE NEIRA NEIRA
745,9,OBDULIO SEGUNDO VALDEBENITO BURGOS
746,9,ROLANDO GARCES NUÑEZ
747,9,SERGIO ANIBAL PAREDES MONTOYA
748,9,ALEJANDRO SAEZ VELIZ
749,9,GERSON RILDO CAYUQUEO RIQUELME
750,9,PEDRO VERA PAREDES
751,9,SAMIR MANUKIAN ZUÑIGA
752,9,LUIS ALFREDO HUIRILEF BARRA
753,9,LUIS RAUL HUENCHULEO GALLEGOS
754,9,MANUEL LEVIO ACUÑA
755,9,SILVIA ANIÑIR CURIVIL
756,9,VERONICA SALAS CARRASCO
757,9,ALEJANDRA CECILIA MALIAN COLLIO
758,9,EMA LUDGARDA VIDAL DIAZ
759,9,FRANCISCO ANTONIO QUIDULEO CABRERA
760,9,LEOPOLDO RODOLFO ROSALES NEIRA
761,9,MANUEL MACAYA RAMIREZ
762,9,ALFONSO COKE CANDIA
763,9,CARLOS OCAMPO HERRERA
764,9,RODRIGO PACHECO BURGOS
765,9,ALEJANDRA AQUEVEQUE GUERRERO
766,9,ANIBAL ALEJANDRO CARRILLO HUAIQUILAF
767,9,DAVID SANDOVAL BEROIZA
768,9,GABRIELA MALDONADO BASTIAS
769,9,VICTOR MANUEL BARRERA BARRERA
770,9,ABEL PAINEFILO BARRIGA
771,9,GASTON ARRIAGADA SIERRA
772,9,HECTOR CARRASCO RUIZ
773,9,FREDY AVELLO PEREZ
774,9,HERBERT DICKSON PAREDES TOLEDO
775,9,LUIS ORELLANA ROCHA
776,9,RODE ERWIN OBREQUE VILLEGAS
777,9,VALENTIN ENRIQUE VIDAL HERNANDEZ
778,9,DILON ALVAREZ MORAN
779,9,ERWIN ORELLANA SAEZ
780,9,JOSE BRAVO BURGOS
781,9,LUIS ARMANDO ARIAS LOPEZ
782,9,PILAR LAGOS RETAMAL
783,9,HANS OSVALDO GONZALEZ ESPINOZA
784,9,MARCOS EDGARDO HERNANDEZ ROJAS
785,9,SEGUNDO JOSE MILLALEN PAILLAL
786,9,GERARDO RODRIGUEZ HIDALGO
787,9,GUIDO SIEGMUND GONZALEZ
788,9,JORGE ANDRES ROMERO MARTINEZ
789,9,FERNANDO JAVIER GARRIDO MERA
790,9,GUILLERMO HERNAN JARAMILLO SALAZAR
791,9,RAUL ALBERTO SCHIFFERLI DIAZ
792,9,ALBERTO FELIPE VELASQUEZ CASTRO
793,9,ALEXIS PINEDA RUIZ
794,9,JULIA CARES PINEDA
795,9,NELSON FUENTES ACUÑA
796,9,SANDRA GRANZOTTO MARDONES
797,9,EVARISTO CURICAL ÑANCO
798,9,JORGE BENEDICTO AROCA MELIÑIR
799,9,JOSE GUIDO BARRIA OYARZUN
800,9,NIBALDO ALEGRIA ALEGRIA
801,9,GASTON MELLA ARZOLA
802,9,PABLO RODRIGUEZ CASTILLO
803,9,VALESKA SANHUEZA CID
804,9,VICTOR HUGO GONZALEZ RODRIGUEZ
805,9,CLAUDIO NESTOR MOLINA NAHUELPI
806,9,EVANS GREGORIO CURIN HUENCHUÑIR
807,9,IRENIA ATARACIA QUINTANA GONZALEZ
808,9,RICHARD LEONELLI CONTRERAS
809,9,ALEJANDRO CUMINAO BARROS
810,9,CARLOS SEPULVEDA MOLINA
811,9,EDUARDO NAVARRETE FUENTES
812,9,MIGUEL ANGEL CERDA VETTER
813,9,CESAR HIPOLITO SEPULVEDA HUERTA
814,9,CLAUDIA LECERF HENRIQUEZ
815,9,GREGORIANA LLANQUILAY CAYUQUEO TRARUPIL
816,9,MARISOL MUÑOZ CANOBI
817,9,MIGUEL SUAREZ MOLINA
818,9,PAOLA AURORA AGUILERA TORRES
819,9,RODRIGO PACHECO AGUILERA
820,9,ALEX MAURICIO HENRIQUEZ ARANEDA
821,9,DAVID ESPINOZA SALAMANCA
822,9,EDUARDO VICENCIO SALGADO
823,9,GUSTAVO ADOLFO SATARAIN VALENZUELA
824,9,MARIO GONZALEZ REBOLLEDO
825,9,RAUL ROBERTO HENRIQUEZ BURGOS
826,9,ROBERTO VICENTE MELIQUEO DIEGO
827,9,ALEJANDRO SEPULVEDA TAPIA
828,9,DOMINGO NAHUELCURA ANTILAO
829,9,LUIS ALBERTO ESCOBAR GALLARDO
830,9,RICARDO GREEN RIVERA
831,9,HUMBERTO CATALAN CANDIA
832,9,JACQUELINE ROMERO INZUNZA
833,9,JORGE JARAMILLO HOTT
834,9,BLANCA EUGENIA BERAUD FERNANDEZ
835,9,CARLOS BARRA MATAMALA
836,9,EDITA MANSILLA BARRIA
837,9,MARIO PEÑAFIEL ESPINOZA
838,9,BENIGNO QUIÑONES LARA
839,9,JORGE RIVERA LEAL
840,9,JUAN ALONSO LEVIO
841,9,PEDRO HECTOR ORELLANA MOLINA
842,9,RENATO ALARCON BOISIER
843,9,SANDRA VALDERRAMA BELTRAN
844,9,ANTONIO JIMENEZ GATICA
845,9,JUAN CARLOS REINAO MARILAO
846,9,MARCELO VELOSO AGUILAR
847,9,PATRICIO BELMAR FUENTES
848,9,JUAN DE DIOS PAILLAFIL CALFULEN
849,9,RICARDO TRIPAINAO CALFULAF
850,9,DANIEL SCHMIDT MC LACHLAN
851,9,FELIPE VALDEBENITO LEIVA
852,9,JESSICA ALEJANDRA MENDEZ CANAVES
853,9,MIGUEL ANGEL CORTES IBARRA
854,9,ROBERTO NEIRA ABURTO
855,9,ALFREDO RIQUELME ARRIAGADA
856,9,BALDOMERO SANTOS VIDAL
857,9,IRENIO SEGUNDO MONTECINOS HENRIQUEZ
858,9,PATRICIA ANDREA ITURRA APABLAZA
859,9,GUILLERMO MARTINEZ SOTO
860,9,JOSE ORMEÑO TRONCOSO
861,9,SANDRA BEATRIZ ALFARO CHAVEZ
862,9,LUIS ALVAREZ VALENZUELA
863,9,RICARDO SANHUEZA PIRCE
864,9,ARIEL GUZMAN ITURRA
865,9,HUGO MONSALVES CASTILLO
866,9,JAVIER ALEJANDRO JARAMILLO SOTO
867,9,JORGE SAFFIRIO ESPINOZA
868,9,KATHERINNE MIGUELES MUÑOZ
869,9,LUIS ESTEBAN FIGUEROA HUECHO
870,9,SUSANA AGUILERA VEGA
871,9,ALEJANDRA AILLAPAN HUIRIQUEO
872,9,GERMAN VERGARA LAGOS
873,9,INGRID ELIANA PRAMBS KLOCKER
874,9,MANUEL ANTONIO ANSALDO HILL
875,9,RONAL SEIFFERT AGUILERA
876,9,RUBEN ALEX ESPARZA JARA
877,10,ALIRO CAIMAPO OYARZO
878,10,ANDRES OJEDA CARE
879,10,CARLOS GOMEZ MIRANDA
880,10,JOSE IVAN BARRIA BARRIA
881,10,RICARDO LAGNO CRUCES
882,10,SELIM BARRIA BARRIA
883,10,FELIPE MALUENDA ARAYA
884,10,JAIME ANDRES CARDENAS ALVARADO
885,10,JUAN CARLOS MANSILLA VILLARROEL
886,10,JUAN FRANCISCO CALBUCOY GUERRERO
887,10,MARCO SILVA MALDONADO
888,10,MARIA TRANSITO VELASQUEZ CAICO
889,10,PAULINO DIAZ RUIZ
890,10,TANIA BERMUDEZ OYARZO
891,10,JUAN EDUARDO VERA SANHUEZA
892,10,MARCELO MALAGUEÑO MAIRA
893,10,MARIA CLARA LAZCANO FERNANDEZ
894,10,PEDRO RONNY VASQUEZ CELEDON
895,10,CAROLA CHAMIA DIAZ
896,10,FERNANDO OYARZUN MACIAS
897,10,JOSE NAVARRO OYARZO
898,10,PEDRO ANDRADE OYARZUN
899,10,ELISEO BAHAMONDE TURRA
900,10,FELIPE CIELORKO BERRIOS
901,10,JESUS SILVERIO MORALES ROSALES
902,10,MARCELA CHAVEZ CHAVEZ
903,10,MARIO MUÑOZ DELGADO
904,10,SERGIO DEL CARMEN TELLEZ BARRIA
905,10,VICTOR ERNESTO VACCARO ESCUDERO
906,10,JAVIERA YAÑEZ REBOLLEDO
907,10,VICTOR ILNAO ILNAO
908,10,JUAN CARLOS SOTO CARDENAS
909,10,JUAN HIJERRA SERON
910,10,RAMIRO DEL CARMEN BARRIA BORQUEZ
911,10,CESAR NEGRON BARRIA
912,10,JOSE MIGUEL CARDENAS BARRIA
913,10,CESAR HUENUQUEO MALDONADO
914,10,CLAUS LINDEMANN VIERTH
915,10,ALEJANDRO AVELLO BASCUR
916,10,FERNANDO GRANDON DOMKE
917,10,JUAN GATICA BARRIENTOS
918,10,MARIA ISABEL NAVARRETE ORTEGA
919,10,PATRICIA AGUILA ROSAS
920,10,CRISTINA ESPINOZA OJEDA
921,10,FELIX EDUARDO VARGAS COTIART
922,10,ROLANDO URIBE RUIZ
923,10,SERGIO ANTIÑIRRE GALLARDO
924,10,VICTOR RENE SALAZAR ZARATE
925,10,FRANCISCO JAVIER VASQUEZ ALMONACID
926,10,JUAN ANDRADE BARRIA
927,10,VICTOR RUBEN ANGULO MUÑOZ
928,10,ANTONIO GALLARDO CAILEO
929,10,SERGIO HAEGER YUNGE
930,10,JORGE JOHN WESTERMEIER ESTRADA
931,10,NABIH SOZA CARDENAS
932,10,EMETERIO CARRILLO TORRES
933,10,MARCELO ALEJANDRO ANUCH MEDINA
934,10,OSVALDO HERNANDEZ KRAUSE
935,10,XIMENA ACUÑA MANSILLA
936,10,JAIME CHAVEZ ALARCON
937,10,JULIO DELGADO RETAMAL
938,10,RICARDO SOTO SAID
939,10,WILLY OCTAVIO ROSAS DELGADO
940,10,GERVOY PAREDES ROJAS
941,10,RODRIGO WAINRAIHGT GALILEA
942,10,GERARDO AUGUSTO GUNCKEL ARRIAGADA
943,10,MARIA ELENA OJEDA BETANCOURT
944,10,LUIS BECERRA VARGAS
945,10,RAMON BAHAMONDE CEA
946,10,RENATO AICHELE HORN
947,10,TOMAS GARATE SILVA
948,10,VICTOR HUGO IRRIBARRA VILLAGRAN
949,10,VICTOR NAIL ALVARADO
950,10,ALEJANDRO CARDENAS QUEZADA
951,10,ELSON NOLBERTO CARCAMO BARRIA
952,10,JOSE RODRIGO OJEDA CARDENAS
953,10,RODRIGO RUIZ DIAZ
954,10,CESAR IVAN CROT VARGAS
955,10,ISIDORO RODOLFO BARQUIN PARDO
956,10,SELMA BETY SILVA OYARZUN
957,10,JIMENA NUÑEZ MORALES
958,10,RENATO URIBE MANZANO
959,10,MANUEL GODOY VELASQUEZ
960,10,MARCOS PATRICIO VARGAS OYARZUN
961,10,ROMELIO BORQUEZ HIDALGO
962,10,CRISTIAN FELIPE OJEDA CHIGUAY
963,10,PATRICIO ALTAMIRANO BARRIAS
964,10,PAULA ANDREA MILLACURA TORRES
965,10,GUSTAVO LOBOS MARIN
966,10,LUIS MACIAS DEMARCHI
967,10,PATRICIO JAVIER BARRIA ALVAREZ
968,10,RENE GARCES ALVAREZ
969,10,SERGIO AGUERO DIAZ
970,10,WASHINGTON ARNALDO ULLOA VILLARROEL
971,10,CLAUDIA PAILALEF MONTIEL
972,10,CLAUDIO GAVILAN DIAZ
973,10,MARCOS GUZMAN VARGAS
974,10,SEBASTIAN CRUZAT CARCAMO
975,10,BERNARDO CANDIA HENRIQUEZ
976,10,MARGOT BARRIENTOS MOLINA
977,10,PROSPERINA QUEUPUAN CHEUQUIAN
978,10,BRENDA JARA SEPULVEDA
979,10,ELIAS HUANQUILEN ANCATRIPAY
980,10,ENRIQUE CARDENAS CHANDIA
981,10,JUAN CARLOS SOTO CAUCAU
982,11,FERNANDO ANDRES MIRANDA MONSALVE
983,11,GUIDO JARAMILLO VERA
984,11,JULIO ESTEBAN CONFUCIO URIBE ALVARADO
985,11,LUIS MARTINEZ GALLARDO
986,11,ERWIN BENEDICTO AGUILA MARIN
987,11,LILIAN INOSTROZA PARRA
988,11,LUPERCIANO SEGUNDO MUÑOZ GONZALEZ
989,11,RICARDO ENRIQUE IBARRA VALDEBENITO
990,11,FRANCISCO RONCAGLIOLO LEPIO
991,11,GLORIA CADAGAN OPAZO
992,11,SONIA NATASHA CAROLINA VARGAS PARADA
993,11,ADA FIGUEROA GALLARDO
994,11,JORGE CALDERON NUÑEZ
995,11,CARLOS GATICA VILLEGAS
996,11,EUGENIO ALEJANDRO CANALES CANALES
997,11,JUAN ENRIQUE CATALAN JARA
998,11,ANITA GLORIA BELLO ABURTO
999,11,JUAN CARLOS BARRIA CARDENAS
1000,11,MARCOS SILVA MIRANDA
1001,11,VICTOR CLAUDIO ALVAREZ HEREDIA
1002,11,VICTORINO ANTONIO SAAVEDRA GARCIA
1003,11,CLAUDIA ANDREA VALDES VASQUEZ
1004,11,LUIS RAUL OYARZO LONCOCHINO
1005,11,NELSON OPAZO LOPEZ
1006,11,HANS LUIS SILVA GOMEZ
1007,11,JOSE CLAUDIO FICA GOMEZ
1008,11,ROBERTO RECABAL CARCAMO
1009,11,MARCELO SANTANA VARGAS
1010,11,PAULO CESAR VERA FUENTES
1011,11,ABEL ALBINO BECERRA VIDAL
1012,11,MARIA ANGELICA CRUCES CHODIL
1013,11,NELIDA ANDREA MUÑOZ VARGAS
1014,12,ANGELA DANIELA BARRIA BARRIENTOS
1015,12,JULIO RAFAEL LORENZO FLANEGA PALMA
1016,12,PATRICIO FERNANDEZ ALARCON
1017,12,FERNANDO OJEDA GONZALEZ
1018,12,JAIME ARTEAGA VERA
1019,12,NELSON CANIU COLIVORO
1020,12,ANA MAYORGA BAHAMONDE
1021,12,ANTONIETA OYARZO ALVARADO
1022,12,FELIPE MUÑOZ MUÑOZ
1023,12,JOSE CUYUL ROGEL
1024,12,ANDREA CUEVAS CARDENAS
1025,12,JOSE GABRIEL PARADA AGUILAR
1026,12,MARIO LUIS CARCAMO NORAMBUENA
1027,12,MARISOL ANDRADE CARDENAS
1028,12,BLAGOMIR FERNANDO BRZTILO AVENDAÑO
1029,12,JUAN VERGARA GARAY
1030,12,PABLO ANDRES TASCON ESPAÑA
1031,12,ARTURO DIAZ VALDERRAMA
1032,12,CLAUDIO RADONICH JIMENEZ
1033,12,LUIS RICARDO LEGAZA SOTO
1034,12,LJUBICA DRPIC IVELICH
1035,12,SABINA BALLESTEROS VARGAS
1036,12,EDGAR CARCAMO ALDERETE
1037,12,JEANNETTE ISABEL ANDRADE RUIZ
1038,12,LUIS BARRIA ANDRADE
1039,12,MARCOS MARTIC HAROS
1040,12,ANAHI CARDENAS RODRIGUEZ
1041,12,JUAN BARRIA BAHAMONDE
1042,12,ROBERTO CARDENAS SILVA
1043,13,EUGENIA GARATE PONCE
1044,13,MIRIAM BRAVO SOTO
1045,13,ROBERTO TORRES HUERTA
1046,13,JUAN ARTURO PRAT ALLENDES
1047,13,MIGUEL ARAYA LOBOS
1048,13,NIBALDO ANDRES FLORES NAVARRO
1049,13,PATRICIO ENRIQUE SILVA GONZALEZ
1050,13,RODRIGO CERDA CANDIA
1051,13,ROLANDO ARNOLDO MEZA ROMAN
1052,13,CONSTANZA VALENZUELA ROCUANT
1053,13,HORTENSIA MORA CATALAN
1054,13,MARCO ANTONIO JOFRE MUÑOZ
1055,13,ALEJANDRO ISIDORO ALMENDARES CALDERON
1056,13,ALFREDO EUGENIO PEÑALOZA FIGUEROA
1057,13,ARTURO AGUIRRE GACITUA
1058,13,LORENA FACUSE ROJAS
1059,13,MARIA LUISA FIGUEROA GARRIDO
1060,13,IRIS LILIAN MORALES OLIVARES
1061,13,MAGALY ACEVEDO ESCARATE
1062,13,MAURO TAMAYO ROZAS
1063,13,ALEJANDRA ALVAREZ CHAPARRO
1064,13,ALEJANDRA BRAVO HIDALGO
1065,13,ANDRES VASQUEZ MEDINA
1066,13,ELISA ESTER GALVEZ ESPINACE
1067,13,GONZALO TORRES FERRARI
1068,13,ISABEL VALENZUELA AHUMADA
1069,13,MAURICIO MORAN AVENDAÑO
1070,13,RIGOBERTO ARISTIDES MANSILLA MANSILLA
1071,13,ALEJANDRO VARGAS GONZALEZ
1072,13,ERICK MARCO ANTONIO COÑOMAN GARAY
1073,13,JEANNETTE JARA ROMAN
1074,13,MARCELA ROSALES BELMAR
1075,13,MARIA ELENA VALENZUELA PINO
1076,13,RENE DE LA VEGA FUENTES
1077,13,RODRIGO CARAMORI DONOSO
1078,13,ARIADNE PATRICIA CONTE CHASSIN-TRUBERT
1079,13,CESAR ANDRES RETAMAL MONSALVES
1080,13,CHRISTIAN HERNANDEZ VILLANUEVA
1081,13,JUAN PABLO BARROS BASSO
1082,13,RAFAEL JIMENEZ SALAZAR
1083,13,HECTOR CATALDO GONZALEZ
1084,13,MANUEL ZUÑIGA AGUILAR
1085,13,MARCELO OLIVARES FIGUEROA
1086,13,PATRICIA ARRIAGADA NUÑEZ
1087,13,RAFAEL MAURICIO HENRIQUEZ SOTELO
1088,13,RAMONA FILOMENA MIRANDA ESPINOZA
1089,13,SEBASTIAN VEGA UMATINO
1090,13,FERNANDO ARMIJO MUÑOZ
1091,13,FRANCISCO GOMEZ RAMIREZ
1092,13,FRANCISCO VALDES REYES
1093,13,JOHN GENERAL ALVAREZ
1094,13,ROSSANA SANHUEZA MUÑOZ
1095,13,ANGELICA CID VENEGAS
1096,13,FELIPE EDUARDO MUÑOZ VALLEJOS
1097,13,GUSTAVO HASBUN SELUME
1098,13,CARLOS CUADRADO PRATS
1099,13,DANIEL BUSTOS AGUAYO
1100,13,MIGUEL ANGEL RAMIREZ MIRANDA
1101,13,REMZA DELIC SASSO
1102,13,AMERICA LOPEZ MORIS
1103,13,GONZALO DURAN BARONTI
1104,13,JUAN CARLOS GAZMURI BARKER
1105,13,MARGARITA GARRIDO ACEVEDO
1106,13,RENE MIRANDA BARRALES
1107,13,CARLOS ANTONIO MAUREIRA NAVARRETE
1108,13,CARLOS FRANCISCO ADASME GODOY
1109,13,JUAN PABLO OLAVE CAMBARA
1110,13,PEDRO KUNSTMANN PEREZ
1111,13,IRMA PEREZ LLANQUIN
1112,13,JOEL OLMOS ESPINOZA
1113,13,LORENA CRISTINA MENESES QUIROZ
1114,13,MARIA VICTORIA MORA GUZMAN
1115,13,ORLANDO MORALES BECERRA
1116,13,PATRICIA ACEVEDO GONZALEZ
1117,13,CAMILO ANDRE BASTIAS FLORES
1118,13,JUAN CARLOS ZURITA MEDINA
1119,13,NICOLAS HURTADO ACUÑA
1120,13,RODOLFO CARTER FERNANDEZ
1121,13,CARLOS SEAMAN PONCE
1122,13,CLAUDIO ARRIAGADA MACAYA
1123,13,GERMAN ANDRES PINO MATURANA
1124,13,LUIS FELIPE DELPIN AGUILAR
1125,13,PATRICIA ELENA VALENZUELA SANDOVAL
1126,13,CLAUDIA GERLENE PIZARRO PEÑA
1127,13,GUILLERMO BENAVIDES AGUIRRE
1128,13,JORGE NUÑEZ SANDOVAL
1129,13,RENE DIAZ JORQUERA
1130,13,ROBIN BUSTAMANTE MOLINA
1131,13,JOSE MANUEL PALACIOS PARRA
1132,13,SARA MARIA CAMPOS SALLATO
1133,13,CAMILO ESCOBAR ORTUZAR
1134,13,CARLOS ANDRES ESCOBAR TOBLER
1135,13,GIORDANO FERNANDO DELPIN PINO
1136,13,JONATHAN OPAZO CARRASCO
1137,13,RICARDO NOE REYES CIFUENTES
1138,13,CATALINA VALESKA VALENZUELA MAUREIRA
1139,13,DANIELA PEÑALOZA RAMOS
1140,13,GONZALO ARMANDO DE LA CARRERA CORREA
1141,13,MARCELA ANDREA CUBILLOS HEVIA
1142,13,NICOLAS ALBERTO PREUSS HERRERA
1143,13,CRISTOBAL ANDRES RODRIGUEZ OLIVARES
1144,13,CRISTOBAL LIRA IBAÑEZ
1145,13,CARLOS FERNANDO GARDEL BERRIOS
1146,13,JAVIERA PAZ REYES JARA
1147,13,JOSE SILVA DIAZ
1148,13,JUAN ZAMBRANO DUARTE
1149,13,LUIS SEREY PROVOSTE
1150,13,MANUEL ALEJANDRO MOLINA TAPIA
1151,13,MIGUEL BRUNA SILVA
1152,13,OSMAN FRANCISCO YEOMANS JIMENEZ
1153,13,PAULA CAROLINA CANCINO CANCINO
1154,13,PEDRO MALLEA VERGARA
1155,13,ALEJANDRO DAGOBERTO CHANIQUE SOTO
1156,13,MAXIMILIANO RIOS GALLEGUILLOS
1157,13,SEBASTIAN ROMERO SANTIBAÑEZ
1158,13,EDUARDO RENE ESPINOZA GAETE
1159,13,GONZALO MONTOYA RIQUELME
1160,13,SAVKA POLLAK TOMASEVICH
1161,13,XIMENA DEL CARMEN ZULETA DINAMARCA
1162,13,ALEJANDRA VIVIANA BUSTAMANTE NEIRA
1163,13,CATHY BARRIGA GUERRA
1164,13,DANILO ANDRES RAMIREZ CORTES
1165,13,TOMAS VODANOVIC ESCUDERO
1166,13,VIVIANA SOLEDAD DELGADO RIQUELME
1167,13,JESSICA MUALIM FAJURI
1168,13,PABLO ESTEBAN GUTIERREZ RAMIREZ
1169,13,RODRIGO PORTUGUEZ FUENTES
1170,13,ALVARO TOBAR GOMEZ
1171,13,CLAUDIO ZUÑIGA CORTES
1172,13,IVAN CAMPOS ARAVENA
1173,13,JUAN MANUEL GONZALEZ ALARCON
1174,13,LORENA CATALINA OLAVARRIA BAEZA
1175,13,ALEJANDRA FRANCISCA PLACENCIA CABELLO
1176,13,EMILIA RIOS SAAVEDRA
1177,13,GUIDO BENAVIDES ARANEDA
1178,13,JUAN PABLO SAEZ REY
1179,13,RODRIGO ANTONIO MAUREIRA VASQUEZ
1180,13,AMARO FUENTES VARGAS
1181,13,FELIPE MUÑOZ HEREDIA
1182,13,JULIO BRAVO VILLARROEL
1183,13,RONNIE HENRY BARRIA GATICA
1184,13,ANA CAROLINA SANTIS GONZALEZ
1185,13,ELIZABETH LAZO QUEZADA
1186,13,JAIME EDUARDO ARANGUIZ MIRANDA
1187,13,LORETO ESTER GALINDO SAZO
1188,13,MARIO ARROS MUÑOZ
1189,13,RODRIGO CONTRERAS GUTIERREZ
1190,13,CLAUDINA DEL CARMEN NUÑEZ JIMENEZ
1191,13,FELIPE OLIVARES VERGARA
1192,13,HECTOR ARMANDO ANABALON ZURITA
1193,13,JUAN ROZAS ROMERO
1194,13,LUIS ASTUDILLO PEIRETTI
1195,13,DIEGO SAN MARTIN VELASCO
1196,13,EMMA PATRICIA MORALES ARZOLA
1197,13,JUAN MENA JIL
1198,13,MANUEL FUENTES ROSALES
1199,13,NIBALDO MEZA GARFIA
1200,13,CARLOS ALARCON CASTRO
1201,13,CAROLINA LEITAO ALVAREZ-SALAMANCA
1202,13,LAUTARO MARCELINO GUANCA VALLEJOS
1203,13,MIGUEL ANDRES CONCHA MANSO
1204,13,RAUL DANIEL MORAGA LAGARRIGUE
1205,13,SALVADOR SIMON ARAVENA PEREZ
1206,13,DANIEL DIAZ GALLARDO
1207,13,JAIME FRANCISCO ESCUDERO RAMOS
1208,13,MARTIN LECAROS FERNANDEZ
1209,13,NATALIA PEREZ CERDA
1210,13,EVELYN MATTHEI FORNET
1211,13,VERONICA PARDO LAGOS
1212,13,ALEJANDRO RUBEN BARRA ORELLANA
1213,13,CRISTIAN NORAMBUENA CASTRO
1214,13,GONZALO DAVID LIZANA COFRE
1215,13,ITALO ANDRES BRAVO LIZANA
1216,13,MANUEL IBARRA MONDACA
1217,13,MONICA SANCHEZ ACEITUNO
1218,13,GERMAN CODINA POWERS
1219,13,LUIS ESCANILLA BENAVIDES
1220,13,MATIAS JAIR TOLEDO HERRERA
1221,13,RODRIGO ALONSO GONZALEZ GONZALEZ
1222,13,ALEJANDRO MARTINEZ GONZALEZ
1223,13,CESAR VEGA LAZO
1224,13,JAIME ACEITON VASQUEZ
1225,13,MARIO ALVEAR GILBERTO
1226,13,OSCAR DANIEL SALDAÑA ABARCA
1227,13,PAOLA ROMERO VALDIVIA
1228,13,PAULINA REBECA BOBADILLA NAVARRETE
1229,13,FELIPE MORA MORGADO
1230,13,FRANCISCO GABRIEL DUARTE DIAZ
1231,13,JUAN PABLO SANHUEZA TORTELLA
1232,13,KARINA DELFINO MUSSA
1233,13,PABLO SALVADOR REYES FLORES
1234,13,SERGIO MONTRONE TRONCOSO
1235,13,VERONICA MONTECINOS ORTIZ
1236,13,JOSE CARLOS MEZA PEREIRA
1237,13,MAURICIO SMOK ALLEMANDI
1238,13,OSCAR DANIEL JADUE JADUE
1239,13,CESAR ANTONIO MONSALVE ORTEGA
1240,13,ALVARO SOTO IBAÑEZ
1241,13,CHRISTIAN PINO LOPEZ
1242,13,CHRISTOPHER WHITE BAHAMONDES
1243,13,JOVANKA COLLAO MARTINEZ
1244,13,JUAN DOMINGO VILLAVICENCIO PASTEN
1245,13,VICTOR MOL ALCANTARA
1246,13,WLADIMIR EMILIO BOLTON MUÑOZ
1247,13,BRUNO ALEJANDRO ÑEGUEY CARRILLO
1248,13,CRISTOBAL AMARO LABRA BASSA
1249,13,MARCELA CORTES TRUJILLO
1250,13,TATIANA ROSA MARIN OLIVA
1251,13,ALBERTO ALDAY SALINAS
1252,13,BENJAMIN FRANCISCO BUSTOS GONZALEZ
1253,13,MAITE BIRKE ABAROA
1254,13,ROBERTO ULISES PEREZ CATALAN
1255,13,VERONICA DEL CARMEN SEGUEL OYARZUN
1256,13,CRISTIAN AREVALO RUZ
1257,13,DANILO SALVADOR PANES ALVAREZ
1258,13,DAVID EDUARDO NAVARRO CARACHI
1259,13,ERIKA PAULINA MARTINEZ OSORIO
1260,13,FRANCISCO JAVIER HERRERA RIQUELME
1261,13,LEONEL RUBEN JARAMILLO COUMERME
1262,13,LUIS SANHUEZA BRAVO
1263,13,MATIAS FREIRE VALLEJOS
1264,13,EMILIO CERDA SAGURIE
1265,13,MANUEL DEVIA VILCHES
1266,13,MATILDE ARMIJO LANDA
1267,13,DAVID CABEDO ROSAS
1268,13,GENARO BALLADARES SCHWANER
1269,13,GUSTAVO EDUARDO TORO QUINTANA
1270,13,MIGUEL ANGEL AGUILERA SANHUEZA
1271,13,MIGUEL ANGEL BUSTAMANTE ARANEDA
1272,13,MIGUEL PINO LEYTON
1273,13,ALFREDO MORGADO TRAVEZAN
1274,13,BORIS EDUARDO ARAOS CANCINO
1275,13,FELIPE ALESSANDRI VERGARA
1276,13,FERNANDO NEIRA PEZOA
1277,13,HELMUT DIETRICH EBERHARD KRAMER ANGEL
1278,13,IRACI LUIZA HASSLER JACOB
1279,13,CARLOS ALVAREZ ESTEBAN
1280,13,NANCY STOWHAS RODRIGUEZ
1281,13,PATRICIO HUERTA MORAGA
1282,13,BARBARA ANDREA GONZALEZ ZUÑIGA
1283,13,EVA VARGAS ABURTO
1284,13,LUIS ANDRES VALENZUELA CRUZAT
1285,13,SERGIO TAPIA SANDOVAL
1286,13,CAMILA MERINO CATALAN
1287,13,CRISTIAN ARAYA LERDO DE TEJADA
1288,13,DARKO ALEXANDAR PERIC VON BERGEN
1289,14,JESICA BARRIENTOS DURAN
1290,14,JUAN MANUEL GALINDO LAVADOS
1291,14,MARILA BARRIENTOS TRIVIÑOS
1292,14,MIGUEL ENRIQUE HERNANDEZ MELLA
1293,14,ROSIEL ENRIQUE GONZALEZ GALINDO
1294,14,VIOLETA DEL CARMEN PEREZ PAVIE
1295,14,CLAUDIO LAVADO CASTRO
1296,14,JOSE CLENARDO ALVARADO CUEVAS
1297,14,SARITA JARAMILLO ARISMENDI
1298,14,ALDO RODRIGO PINUER SOLIS
1299,14,ANDRES REINOSO CARRILLO
1300,14,SATURNINO CASIMIRO QUEZADA SOLIS
1301,14,JORGE FIGUEROA FUENTES
1302,14,MIGUEL MEZA SHWENKE
1303,14,JAIME NIBALDO GARRIDO RAMOS
1304,14,JUAN ROCHA AGUILERA
1305,14,MARCELA OLIVERA MONTERO
1306,14,ROLANDO PEÑA RIQUELME
1307,14,WILSON CANTERO MICHILLANCA
1308,14,ALDO EMILIO RETAMAL ARRIAGADA
1309,14,HUGO SEGUNDO SILVA SANCHEZ
1310,14,SAMUEL IVAN TORRES SEPULVEDA
1311,14,CLAUDIO DAVID SEPULVEDA MIRANDA
1312,14,GUILLERMO SOTO ORTEGA
1313,14,LEONARDO ALEJANDRO MUÑOZ VALLEJOS
1314,14,ERWIN CONRADO PACHECO AYALA
1315,14,GUILLERMO ROLANDO MITRE GATICA
1316,14,PAMELA DORNEMANN ROJAS
1317,14,JOSE TEOBALDO ARAVENA PEREZ
1318,14,MARIO SCHMEISSER MUÑOZ
1319,14,MIGUEL ANGEL CARRASCO GARCIA
1320,14,RUTH LUCY CASTILLO PRIETO
1321,14,PABLO ALEJANDRO SANDOVAL JARA
1322,14,PEDRO JAVIER BURGOS VASQUEZ
1323,14,RODRIGO ALONSO MANZANO BARRIENTOS
1324,14,RODRIGO FERNANDO VALDIVIA ORIAS
1325,14,SANDRA ERIKA AÑUAL HENRIQUEZ
1326,14,ALVARO JOSE RAMIREZ MEDINA
1327,14,CARLOS ANDRES BURGOS MARTINEZ
1328,14,CAROLINA ANDREA SILVA PEREZ
1329,14,DIEGO FLORES VERA
1330,14,VICTOR DOMINGO VIDAL MUJICA
1331,14,CARLA ANDREA AMTMANN FECCI
1332,14,CESAR COLLAO ALVAREZ
1333,14,FELIPE ANDRES RIFFO MAECHEL
1334,14,GONZALO ESPINOZA PEREZ
1335,14,OMAR SABAT GUZMAN
1336,15,CARLOS RAUL VALCARCE MEDINA
1337,15,GERARDO ALFREDO ESPINDOLA ROJAS
1338,15,GIANCARLO BALTOLU QUINTANO
1339,15,LEONARDO ENRIQUE BORQUEZ CASTILLO
1340,15,LUIS IVAN PAREDES FIERRO
1341,15,PAUL EDUARDO CARVAJAL QUIROZ
1342,15,RAFAEL DEL CARMEN ORTEGA ALIAGA
1343,15,RAYKO ALEJANDRO KARMELIC PAVLOV
1344,15,RICARDO LUIS SANZANA OTEIZA
1345,15,CRISTIAN JAVIER ZAVALA SOTO
1346,15,JAVIER ENRIQUE DIAZ CALDERON
1347,15,MARTIN RICARDO MONTECINOS ROMERO
1348,15,RICARDO CEPEDA SOTO
1349,15,VLADIMIR GUSTAVO CACERES SALINAS
1350,15,ALEX CASTILLO BLAS
1351,15,FLORENCIO MARTIN VILLANUEVA SARCO
1352,15,ROSA MAITA QUERQUEZANA
1353,15,CRISTIAN ANDRES BILBAO APATA
1354,15,LINO MAMANI VICENTE
1355,15,MARICEL GUTIERREZ CASTRO
1356,15,SERGIO DAVID GAMBOA MORALES
1357,16,EUGENIO ULISES MEDINA PARRA
1358,16,GUILLERMO YEBER RODRIGUEZ
1359,16,JORGE HIDALGO OÑATE
1360,16,THELMA ZANIRA GUZMAN ASENCIO
1361,16,CAMILO BENAVENTE JIMENEZ
1362,16,MANUEL HERIBERTO REYES PINOCHET
1363,16,MARCELO CONTRERAS MUÑOZ
1364,16,PAOLA BECKER VILLA
1365,16,PATRICIA INES PINO CEBALLOS
1366,16,CARLOS HERNANDEZ MUÑOZ
1367,16,ESTEBAN DAVID MISLE MUÑOZ
1368,16,JORGE DEL POZO PASTENE
1369,16,JOSE ANTONIO SILVA ESPINOZA
1370,16,RODOLFO GAZMURI SANCHEZ
1371,16,RODRIGO ANTONIO ARZOLA HELO
1372,16,FERNANDA TORRES ORELLANA
1373,16,JORGE EDUARDO ROMERO VILLALOBOS
1374,16,JULIO MANUEL ALBERTO FUENTES ALARCON
1375,16,ALEJANDRO RODRIGO PEDREROS URRUTIA
1376,16,JUAN ESCALONA GONZALEZ
1377,16,LAURA ARAVENA ALARCON
1378,16,CARLOS CHANDIA ALARCON
1379,16,CRISTIAN ALFREDO HERRERA CARO
1380,16,JOSE HERNANDO SAN MARTIN RUBILAR
1381,16,RENAN CABEZAS ARROYO
1382,16,DANIEL ARRIAGADA JARA
1383,16,LUIS ALBERTO MOLINA MELO
1384,16,ROBERTO CONTRERAS CONTRERAS
1385,16,RONALD ALEXIS TASSARA ESPINOZA
1386,16,JOSE ALFREDO FICA PEÑA
1387,16,MANUEL PINO TURRA
1388,16,PABLO JIMENEZ ACUÑA
1389,16,ISMAEL ULISES PALMA GUIÑEZ
1390,16,JOHNNSON GUIÑEZ NUÑEZ
1391,16,GABRIELA RODRIGUEZ BUSTAMANTE
1392,16,JORGE ARIAS ZUMAETA
1393,16,JUAN CARLOS SAEZ FREIRE
1394,16,MANUEL JESUS GUZMAN AEDO
1395,16,RENE SCHUFFENEGER SALAS
1396,16,HILDA QUEZADA BRAVO
1397,16,IGNACIO SANHUEZA PATIÑO
1398,16,JOSE LUIS GUZMAN FERNANDEZ
1399,16,MIGUEL ALFONSO PEÑA JARA
1400,16,JOSE PEDRO HADI PINO
1401,16,RICHARD PATRICIO IRRIBARRA RAMIREZ
1402,16,SEBASTIAN GODOY BUSTOS
1403,16,BENITO BRAVO DELGADO
1404,16,CARLOS ALBERTO GARCIA VERA
1405,16,CHRISTIAN ASTUDILLO MUÑOZ
1406,16,NICOLAS ALFONSO TORRES OVALLE
1407,16,CESAR ERNESTO ORTIZ GALLEGOS
1408,16,GISSELLE AVILA BUSTOS
1409,16,LORENA JARDUA CAMPOS
1410,16,MARIA ISABEL GARCIA NAVARRETE
1411,16,RUBEN ESTEBAN MENDEZ VENEGAS
1412,16,WILLIAMS GASTON SUAZO SOTO
1413,16,CLAUDIO ALMUNA GARRIDO
1414,16,CRISTOFER ANTONIO VALDES GONZALEZ
1415,16,ENRIQUE OLIVARES LANDAETA
1416,16,FERNANDO ANTONIO CORREA SANDOVAL
1417,16,CESAR FIGUEROA BETANCOURT
1418,16,MARTIN FIGUEROA PONCE
1419,16,SERGIO GONZALEZ MENDEZ
1420,16,JAIME BUSTOS ESPINOZA
1421,16,MANUEL EDUARDO BELLO NUÑEZ
1422,16,SILVANA ANDREA NEIRA LLANOS
1423,16,VICTOR HUGO RICE SANCHEZ
1424,16,EDUARDO CELEDONIO VALENZUELA SALAZAR
1425,16,JORGE MORALES SANHUEZA
1426,16,RAUL ESPEJO ESCOBAR
1427,16,VICTOR MANUEL CHANDIA ARCE
1428,16,FRANCISCO GUIÑEZ ARRIAGADA
1429,16,JUAN MANUEL LOPEZ RIVAS
1430,16,JUANA SANDOVAL ROJAS
1431,16,RAFAEL CIFUENTES RODRIGUEZ
1432,16,RODRIGO STUARDO HERNANDEZ
1433,16,SEBASTIAN DEL CARMEN BAEZA BAEZA
